ticker,fill_rate_pct
LOT,0.83
SCD,1.65
NET.UN,10.74
HODL,17.36
HR.UN,17.36
JTWO,17.36
EQ,19.83
GSI,19.83
PRL,19.83
ZYUS,19.83
ESI,22.31
BAC,28.37
TA,28.93
BCC.H,30.5
ARG,31.21
BB,31.24
ACT,31.4
FLM,31.4
VBNK,31.91
IGO,32.55
UIG,32.73
EMET,33.47
VLLC,33.47
ATHA,33.88
KYS.H,35.45
CCMM,36.09
RGN,37.19
SEAS,37.19
RIWI,38.31
NRC,39.12
RAD,39.94
ARIC,41.32
CP,42.5
IMO,42.56
HMMC,42.7
AMG.P,42.81
ZTE,42.98
RMI,43.39
GOFL,43.8
IVX,44.43
FTU,44.63
RRM.H,44.72
FV.H,45.1
CC,45.45
DWS,46.22
CTTT,46.28
EXCL,46.28
LILL.P,46.28
RTO.P,46.28
SRQ,46.28
LULU,47.11
NTR,47.11
KLS,47.77
NVI,47.89
MRKI.P,47.93
SAI.H,47.93
DAN,48.26
FRED,48.43
NPT,48.48
VAL.P,48.52
CAT,48.76
RFR,48.76
SCV,48.76
MKZ.UN,49.06
MAXM,49.17
ERA,49.27
LGHT,49.31
WILD,49.34
SHK.P,49.38
BGAU,49.59
FT,49.59
IAN,49.59
ICM,49.59
TNT.UN,49.59
CYM,49.7
ICWY.P,50.0
NCX,50.0
ALTN,50.41
DBO,50.41
LEXT,50.41
MIR,50.41
OILS,50.41
SHRC,50.41
DS,50.69
CHR,50.76
CCI,50.96
SMAR.P,51.14
PCRX,51.4
WWA.P,52.07
ICE,52.21
IGM,52.58
VPI,52.71
RPP,52.75
HARD,52.89
YES,52.89
RFA,53.39
BYN,53.48
PDV,53.79
XTD,53.79
CAG,54.32
JAB.P,54.41
DLCG,54.78
AFE,55.03
NA,55.19
WHY,55.44
LOVE,55.48
INVR,55.65
OM,55.73
CNQ,55.85
FUN.P,56.03
RCT,56.3
RGI,56.3
PLUR,56.43
FDI,56.65
TTZ,56.73
TTS,57.02
BTCT,57.44
ERE.UN,57.44
LFE,57.51
DOS,57.79
MANU,57.97
RGR,58.26
SNDL,58.4
BNS,58.44
RSI,58.44
BNZ,58.59
CVW,58.6
PCAA.P,58.84
SFD,58.84
HMCC.P,59.09
SMCD.P,59.09
VRTS,59.14
VML,59.15
MRZ,59.55
SGN,59.62
ASTL,59.64
KGS,59.67
GURU,59.74
EDCU,59.87
IFC,60.06
KIP,60.42
PPM,60.54
NKW.H,60.57
CH,60.74
WAT.P,60.83
SPB,61.04
LUC,61.23
SVP.H,61.38
EDW.H,61.46
NPV,61.49
GEI,61.53
COSA,61.57
GLDR,61.57
BRC,61.67
ABI,61.98
LFG,61.98
SUI,62.24
OR,62.4
NOU,62.73
CEN.H,62.86
LFNT,63.09
PEZM.H,63.11
AFN,63.26
DPF,63.31
GOOD,63.34
AIME.P,63.36
BYD,63.36
AROW.P,63.64
MEK,63.64
ORV,63.64
VIO,63.78
PTU,64.03
BYL,64.1
SN.H,64.1
AIV.P,64.13
TOY,64.23
BGI.UN,64.82
WFG,64.88
RYE,64.96
SXGC,65.01
VAX,65.01
OVL.H,65.45
WIN,65.56
DCNN.X,65.7
TPX.B,65.75
XMF.A,65.84
AWI,65.89
TLA,65.98
DOCT,66.12
PCQ,66.12
STR.H,66.16
PEY,66.23
GIGA,66.35
SCM,66.39
KCP,66.43
REVX,66.48
GSR,66.53
TRBE,66.63
URZ,66.67
COLL.P,66.78
VMXX,66.78
DRM,66.8
ZON,66.89
HOM.U,66.94
MCL,66.94
FBR.H,67.05
WHIP,67.15
WBE,67.27
USA,67.31
BQE,67.33
VCI,67.54
LSD.H,67.71
MGA,67.71
BPF.UN,67.71
ENI.UN,67.77
MJRX,67.77
NANO,67.77
YRB,67.96
DF,67.98
INFM,68.04
MYR,68.04
VLTA,68.04
NPI,68.09
XX,68.11
OLY,68.35
ANRG,68.46
CMCG,68.6
CYB,68.6
SBO.H,68.71
KAPA,68.8
ETI,68.87
CPX,68.9
TONE,69.01
DAT.H,69.09
CNTR,69.15
SANU,69.15
BCF,69.27
SPX,69.3
TSAT,69.3
RY,69.32
DLTA,69.42
NUE,69.42
TGIF,69.42
UAV.X,69.42
ABM,69.48
LUN,69.57
FBF,69.58
BECN,69.63
LLL,69.7
NPTH,69.7
AGAG,69.75
ALAB.P,69.83
NUKE,69.83
JEC,69.89
NRR.UN,69.97
UX,69.97
AHR,70.06
SLVR,70.14
AFI,70.25
APLI,70.25
GPM,70.25
MOOD,70.25
PATH,70.25
PVT,70.25
VIBE,70.25
GDL,70.44
DAQ.P,70.45
DFN,70.47
SSA,70.47
YGR,70.52
TCF,70.58
OEC.H,70.6
ENA,70.66
KENY,70.66
NWX,70.66
DMX,70.69
ENB,70.86
TBIX,71.01
AXO,71.07
SURG,71.07
TITI,71.07
PUL,71.13
GHR.H,71.35
CEC,71.49
REE,71.49
CMIL,71.6
PBH,71.63
NFI,71.64
SWP,71.64
BRAU,71.76
CGY,71.8
ODV,71.9
VAND,71.9
MUN,72.13
BILD,72.14
WCE,72.14
NKG,72.19
FTN,72.2
APN,72.31
KPT,72.31
MKO,72.31
VERS,72.31
NKL,72.37
MPH,72.38
ACS,72.52
MPC,72.53
EMA,72.55
NWC,72.59
HMT,72.73
VIS,72.88
DOL,72.89
OVT,72.93
VLI,72.96
WERX,73.14
MATR,73.16
NLH,73.22
VOLT,73.28
VCM,73.37
PPL,73.39
KDOZ,73.55
CANX,73.59
AP.UN,73.81
ARQ,73.83
LXM,73.85
MJS,73.85
EMNT,73.9
OAM,73.91
FTG,74.02
CASA,74.05
ORS,74.15
SPSA.P,74.21
ESPN,74.26
GST,74.32
AMCO,74.38
GBT,74.38
GSD,74.38
DII.A,74.43
LEM,74.44
FAS,74.47
AZM,74.48
MD,74.48
CYF,74.55
PRQ,74.55
NMI,74.59
ATD,74.79
DIG.H,74.85
FINV.P,74.88
PAAS,74.89
DGC,74.93
LNR,74.93
GMIN,74.97
ABZ,75.0
VVC,75.0
MONI,75.04
GH,75.09
FTUR,75.1
AVII.P,75.21
KEY,75.21
AUX,75.3
WRLG,75.32
NDA,75.46
CTH,75.46
NMC,75.54
PWI,75.54
SPI,75.58
SHLL.P,75.62
FHYD,75.64
DTWO,75.66
CJR.B,75.71
MEQ,75.72
BIG,75.83
SPA,75.86
AKH.H,75.88
HAN,75.98
ATLE,76.03
CAN,76.03
MCT.P,76.03
MI.UN,76.03
SU,76.03
MONT,76.08
BLM,76.14
GAL,76.17
AGI,76.2
CNRI,76.24
BUX,76.31
LIBR,76.36
TF,76.36
VGN,76.4
EBCD.P,76.45
AKT.A,76.53
IDK,76.58
ZAC,76.58
CNVI,76.8
HPL,76.8
CBLT,76.81
CVE,76.81
STC,76.85
EPF,76.86
FYL,76.86
KITS,76.86
TCG.P,76.86
TSLV,76.86
WTE,76.86
ZOMD,76.86
VHI,76.93
YOO,77.07
EFN,77.12
MAR.UN,77.13
FSY,77.27
CGG,77.32
CAPT,77.33
OCI,77.34
BMV,77.39
TIH,77.39
AE,77.41
NCAU,77.41
BTB.UN,77.43
PNG,77.45
GIB.A,77.46
KLE.H,77.52
GGL,77.52
PEAK,77.52
PRS.H,77.57
CVVY,77.59
ASTR,77.69
FFP,77.69
GRGD,77.69
MATA,77.69
NUR,77.69
PLAY,77.69
TAI,77.69
CTG,77.82
ECM.H,77.85
STRR,77.85
REKO,77.89
BTR,77.92
QTWO,77.93
DR,77.96
TCW,77.96
PWRO,78.02
HFC,78.03
CAR.UN,78.07
DIV,78.1
REC,78.13
BIR,78.18
SCRI,78.18
GG,78.19
JOLT,78.24
QSP.UN,78.24
FF,78.27
LAS.A,78.27
BCE,78.31
HAI,78.35
TWO,78.36
CMU,78.39
MRU,78.39
PD,78.46
ATRL,78.51
AW,78.51
GFP,78.51
KRI,78.51
NOW,78.51
PALS,78.51
PET,78.51
SWAN,78.51
NTB,78.57
TES,78.6
FVI,78.66
CEMX,78.68
MPTH.H,78.68
RBY,78.68
RSM,78.7
FFC.P,78.72
GRI,78.79
GVR,78.79
RFLX,78.79
CLTE,78.93
CPKR,78.93
HAPB,78.98
GKO,79.01
LIFT,79.01
ABR,79.06
RIC,79.08
PNPN,79.11
FAT,79.13
FW,79.13
QMC,79.17
TPZ,79.17
ARCH,79.18
CEU,79.2
ACO.X,79.34
ACR.H,79.34
BG,79.34
CAPR,79.34
COMT,79.34
CU,79.34
DHT.U,79.34
FRNT,79.34
HBP,79.34
HSLV,79.34
MOO,79.34
NXT,79.34
SQX,79.34
VRTX,79.34
ZLTO,79.34
CAPL.P,79.48
RK,79.49
SYG,79.52
CAS,79.52
TVI,79.53
LGN,79.55
MDI,79.65
IMM,79.75
NVRO,79.75
SATO,79.79
MLO,79.81
LCE,79.82
KFR,79.86
KBX,79.89
TERA,79.89
CMG,79.92
LCFS,80.0
WFC,80.0
QEC,80.02
NXLV,80.04
JAG,80.06
MBI.H,80.1
CCB,80.17
KLN,80.17
PMI,80.17
PRME,80.17
RGSI,80.17
SLO,80.17
WRN,80.17
WMK,80.26
ACD,80.27
ALC,80.4
AMT,80.42
ANON,80.44
ARM,80.44
GGR,80.44
WAVE,80.48
PZA,80.52
GENX,80.55
NXH,80.58
QURI,80.58
SLA,80.58
TWM,80.58
RECO,80.66
NTE,80.68
VXL,80.72
FOR,80.74
ORE,80.83
B,80.85
RMD,80.85
SAE,80.85
CAC.P,80.87
CSTL.P,80.87
ABA,80.89
GTC,80.89
ACQ,80.9
TWC,80.95
ATHR,80.99
DBM,80.99
FFN,80.99
ISTK,80.99
MOC,80.99
MVMD,80.99
NSU,80.99
SEND,80.99
YEG,81.08
BLOK.H,81.1
AUEN,81.11
HFPC.U,81.11
CVV,81.18
NOVA,81.18
STRM,81.2
VRB,81.25
CRCC,81.27
SHOP,81.27
TOC,81.27
SPD,81.29
TUF,81.29
PKT,81.33
LTC,81.4
MTX,81.4
VET,81.4
PEC.H,81.43
GAMA,81.46
MGG,81.47
PPP,81.48
EAGL,81.54
GFG,81.54
PSYC,81.54
TLP.UN,81.54
ZCT,81.54
BAU,81.58
WCSB,81.59
OROG,81.61
CEO.H,81.64
MATE,81.64
ICRS,81.65
EIF,81.71
WEC,81.77
ARWY,81.82
GSKR,81.82
HBFG,81.82
LG,81.82
MRD,81.82
SPRK,81.82
SRR,81.82
STGX,81.82
TINY,81.82
DPM,81.87
ILLM,81.91
ALTR.P,81.96
LSPD,82.0
BARU,82.01
DHB,82.02
BAT,82.08
PNP,82.13
ATR.P,82.15
CNC,82.15
ONE,82.16
WT.H,82.17
A.H,82.21
RML,82.27
RYO,82.3
TTG,82.3
RCR.P,82.31
CF,82.36
PLAS,82.37
NP,82.44
MKP,82.47
BRE,82.48
FTRC,82.48
TRZ,82.6
BK,82.64
IPO,82.64
NIRV.X,82.64
RTH,82.64
ZZE.H,82.64
VLC,82.7
MPVD,82.74
CKI,82.8
HWO,82.8
TK,82.81
CRI,82.85
GAR.H,82.89
CM,82.9
BRO,82.92
DNG,82.92
INFI,82.95
JJJ,83.06
PTEC,83.06
ARIS,83.08
CWL,83.08
APS,83.1
FAN,83.14
GEC,83.2
GOOS,83.23
IZZ,83.25
BP.H,83.26
TTI,83.26
ECO,83.28
GSY,83.28
KTN,83.28
CLUS,83.31
EMM,83.33
BST,83.35
RIO,83.37
AEP,83.4
ADON,83.47
BITK,83.47
EMP.A,83.47
GDV,83.47
VLX,83.47
GNT.H,83.52
TSL,83.55
URC,83.59
ADZ,83.6
CRB,83.61
AQN,83.65
ELEF,83.65
CRTL,83.68
CSL.H,83.69
SBC,83.71
ZFR,83.71
LA,83.72
NCI,83.75
SDE,83.75
CONE,83.8
GWO,83.8
PCP.P,83.8
YAK.H,83.8
VITL.UN,83.83
AAV,83.88
DB,83.88
PLZ.UN,83.92
SEGN,83.97
RGEN,83.98
MUX,84.0
AIR,84.02
TVK,84.04
SPMC,84.06
DLP,84.09
ELYX,84.09
EW,84.15
SGZ,84.15
CSG,84.16
SAWC.P,84.16
WGLD,84.18
ESM,84.19
EXN,84.24
LCS,84.24
ABRA,84.25
EKG,84.25
HEM,84.3
HLS,84.3
OCEN,84.3
RRR.UN,84.3
RSC.P,84.3
VZZ,84.3
GX,84.36
PERU,84.37
ASTN.P,84.39
RTE,84.39
CVB,84.39
EQB,84.42
SM,84.42
WHN,84.42
CSU,84.45
SFI,84.46
CPAU,84.49
RKV,84.53
ALTA,84.55
TMG,84.56
MER,84.6
SVRS,84.63
TD,84.63
AUR.H,84.64
CMI,84.65
IVS,84.66
AG,84.66
ENS,84.71
T,84.74
CFF,84.79
MONA.P,84.79
PLXX.P,84.79
XOX.P,84.79
AVU,84.81
CCMI,84.81
ALTU,84.82
KXS,84.82
XGC,84.83
DYA,84.87
PSD,84.87
LB,84.87
PTE,84.89
AWM,84.92
BHC,84.92
BLCO,84.92
CFY,84.92
DPRO,84.92
SBD.X,84.92
TTGI,84.92
SRV.UN,84.93
ERO,84.94
NOB,84.97
ATX,84.98
CGX,84.99
GUF,84.99
NEW.H,84.99
TRX,85.0
ZDC,85.01
LABS,85.02
LXE,85.12
SJ,85.12
SXP,85.12
TOM,85.12
UG,85.12
XL,85.18
GLDC,85.23
MFI,85.26
SUN,85.26
VUX,85.29
JADE,85.3
HITI,85.33
EXG,85.35
NPR,85.36
AGMR,85.4
NVX,85.4
DFSC,85.48
MTH,85.51
NXR.UN,85.51
BARK,85.51
CGD,85.54
DELX,85.54
RSS,85.54
VNP,85.54
LTX,85.56
CPI,85.61
GMV,85.61
DEF,85.65
FPX,85.67
SGD,85.67
PE,85.71
TBL,85.73
AIAI,85.74
JPWR.H,85.74
RMES,85.74
RSG,85.74
BRON,85.76
QNC,85.76
KNG,85.79
MSV,85.81
CAU.H,85.83
ELVA,85.83
CGM,85.89
BOGO,85.95
MAN.P,85.95
RS,85.95
TRBC,85.95
BEA,86.04
PESO,86.04
ADW.A,86.14
EQTY,86.14
GMC,86.16
MRM,86.16
ELXR.H,86.23
NIM,86.23
AAZ,86.27
WPRT,86.29
GOP.H,86.3
SRL,86.34
FREQ,86.36
NERD,86.36
OCO,86.39
CJ,86.4
PTC,86.4
AUGC,86.41
TIG,86.44
GGA,86.45
MAU,86.45
MONY.P,86.45
D.UN,86.47
RDS,86.5
SLI,86.5
SONA,86.5
VENI,86.57
SNV,86.68
TVA.B,86.68
AIS,86.72
MEX,86.73
STN,86.73
TNZ,86.78
TLT,86.82
STMP,86.87
PYR,86.89
BMET,86.91
BRTA.H,86.91
MDNA,86.93
BBD.B,86.94
PRV.UN,86.97
ASG,86.98
KCC,87.01
K,87.05
MSCL,87.05
IOT,87.07
KBL,87.09
MFC,87.11
BEEP,87.13
CDA,87.14
FURY,87.16
HME,87.16
BETR,87.19
CDVA,87.19
NOAL,87.19
SKE,87.22
SKK,87.26
CEF,87.27
PMZ.UN,87.27
CLZ,87.31
KTRI,87.33
VERT,87.33
INO.UN,87.36
ELF,87.36
KEL,87.37
EGR,87.38
TLRY,87.38
TOU,87.38
CLS,87.4
UCU,87.4
LAB,87.41
STUV,87.42
CPL,87.43
GFR,87.44
PVIS,87.44
DGS,87.49
SKP,87.51
VTX,87.53
MINE,87.54
GGD,87.6
GGO,87.6
HARY,87.6
MRE,87.6
SURF.UN,87.6
TR,87.6
PIF,87.67
WSP,87.67
CNR,87.69
VO,87.7
TMQ,87.71
FFH,87.75
ENEV,87.81
PUR,87.81
FPC,87.82
PMX,87.82
GEMC,87.83
SOBO,87.84
AXL,87.86
MASS,87.86
CRDL,87.88
GSRI,87.88
HTRC,87.88
EWK,87.89
NICU,87.9
LPS,87.9
EAGR,87.91
QBR.B,87.92
CTEK,87.93
MBX,87.94
RBZ,87.96
WDO,88.02
ETG,88.05
CLV,88.08
IMG,88.09
MID.UN,88.1
QCX,88.1
GTWO,88.12
CRIV,88.15
POWR,88.15
AC,88.19
GT,88.22
OBE,88.22
AZR,88.26
GSP,88.26
PHA,88.26
RMB,88.26
AZT,88.28
ANOR,88.28
AVCR,88.33
ETL,88.33
SGY,88.35
ALFA.UN,88.43
LMR,88.43
NOP,88.43
QPT,88.43
RXM,88.43
TCL.A,88.43
TKO,88.43
SII,88.48
BRAG,88.48
MPCT.UN,88.5
MLP,88.51
MMX,88.52
LINE,88.6
SBMI,88.6
CSW.A,88.64
BZ,88.65
FIH.U,88.66
SAM,88.69
SMP,88.74
TDG,88.74
STCK,88.76
OGI,88.78
ASM,88.8
IIP.UN,88.82
LALI,88.84
MG,88.84
OSM,88.84
SVA,88.84
VG,88.87
ARGH,88.9
ILC,88.91
HBM,88.92
RUS,88.93
CSH.UN,88.95
PINE.UN,88.95
SPN,88.95
ELD,88.96
KORE,88.96
APGO,89.01
STE,89.01
HCM.H,89.05
DIR.UN,89.07
DRX,89.08
BKI,89.11
DXT,89.11
VITA,89.14
IFP,89.16
TVE,89.2
AUEX,89.26
BATT,89.26
BUFF,89.26
FCI,89.26
GXP,89.26
WM,89.26
EMR,89.3
FVL,89.3
AUME,89.32
BRY,89.35
WELL,89.39
GLAD,89.42
SMN,89.42
CGI,89.45
ET,89.45
AVL,89.46
ELBM,89.46
SVI,89.5
GBML,89.51
AUMC,89.53
CTV,89.53
DFY,89.53
EMPS,89.53
FSV,89.53
MFG,89.53
ATOM,89.55
ISGI,89.6
FM,89.67
PA,89.67
MKA,89.69
MIVO,89.71
PHYS.U,89.72
RUP,89.72
NBY,89.74
RW,89.74
EFX,89.75
MGRO,89.77
FNDX,89.81
PHRX,89.81
TALA,89.81
NEV,89.82
AVNT,89.83
FRI,89.83
ECR,89.85
KEEK,89.86
STS,89.89
LCX,89.93
TAO,89.94
ASL,89.99
OPW,89.99
BUZ.P,89.99
ESK,90.01
TXG,90.02
ARX,90.03
GGM,90.03
GIL,90.03
ERTH,90.08
FRG,90.08
GRAY,90.08
HYLQ,90.08
IPCO,90.08
MCF,90.08
WWT,90.08
ELC,90.13
CRR.UN,90.13
ADG,90.14
DCOP,90.14
GMA,90.15
GRA,90.16
WP,90.17
CAI,90.23
RES,90.23
TAU,90.24
FC,90.25
FP,90.25
MTS,90.27
NSCI,90.27
BER.H,90.27
LBS.PR.A,90.29
IRO,90.36
VROY,90.36
LBI,90.39
SOI,90.39
UNC,90.4
TIDE.P,90.41
PHNM,90.42
MARI,90.46
CZZ,90.46
BIRD,90.5
EXE,90.5
NATO,90.5
PTFY,90.5
MN,90.55
AI,90.55
GRB,90.55
FCA.UN,90.58
FNR,90.58
KNT,90.6
ROAR,90.62
BCBN,90.63
CAD,90.63
CG,90.63
DTEA,90.63
ELEC,90.63
SGML,90.63
ROS,90.67
TCS,90.67
DDD,90.7
ENDR,90.7
SVE,90.72
TG,90.73
AURO,90.74
ROOT,90.74
VAU,90.75
Y,90.76
AAN,90.77
LAC,90.77
AWX,90.78
RCH,90.79
INTR,90.8
RNCH,90.81
TGOL,90.83
AUXX,90.83
OLA,90.83
WJX,90.83
W,90.86
ALM,90.86
MRVL,90.91
OMR.H,90.91
ZC,90.91
GGI,90.96
ATS,90.97
JJ,90.98
PEI,91.0
FTJ,91.02
ILI,91.03
ALGR,91.05
FORT,91.05
NED,91.05
ADEN,91.07
BRED,91.07
SLF,91.09
DCY,91.12
EGT,91.12
FRU,91.12
PTF,91.12
HLF,91.13
SOU,91.14
TECK.B,91.16
BOIL,91.18
GRUV,91.18
LITH,91.18
ODX.H,91.18
MSC,91.2
SOIL,91.21
AMM,91.21
HOT.UN,91.23
NHHH,91.23
CRRX,91.24
TC,91.24
GR,91.25
SVG,91.27
VRR,91.28
MAL,91.3
ACAP.P,91.32
AWE,91.32
MVI.H,91.36
VTT,91.36
STLR,91.37
MGMA,91.38
ENGH,91.4
ZBNI,91.4
BDI,91.43
DEC,91.43
PCLO,91.43
NRN,91.44
BBM,91.46
CDN,91.46
DOSE,91.46
GUD,91.46
JZR,91.46
SKUL,91.46
TMIN,91.46
GDC,91.49
BES,91.51
BAY,91.53
GQC,91.53
SECU,91.54
MHUB,91.57
NWST,91.59
LI,91.6
HVG,91.63
EFF,91.63
IMI,91.63
PPX,91.63
PWER,91.63
SHRP,91.63
MXL.H,91.65
MYID,91.65
KC,91.67
GRC,91.68
TORR,91.69
AFX,91.74
APR.UN,91.74
BEAR,91.74
BN,91.74
CAMP,91.74
CFP,91.74
CS,91.74
DEFI,91.74
ELR,91.74
GPIN,91.74
HEAL,91.74
IPT,91.74
KG,91.74
SABA,91.74
WOGC,91.74
WPG,91.74
BLX,91.78
HXC.H,91.79
BOL,91.79
QTRH,91.83
BAV.H,91.84
BAMI,91.85
BFM,91.87
OGC,91.87
WCM.A,91.88
TGO,91.93
SME,91.94
ITH,91.96
BHCC,92.01
CBI,92.01
CBLU,92.01
METG,92.01
MTT,92.01
QIM,92.01
ELO,92.04
NXE,92.05
JVR.P,92.07
NIO,92.07
APL,92.08
MMM,92.08
AIVC,92.12
SNAG,92.12
KRN,92.12
SYH,92.12
DYG,92.15
FSZ,92.15
LVX,92.15
BEK.B,92.19
NBVA,92.19
RVX,92.2
WCU,92.2
PNC.A,92.22
KGC,92.29
MAH,92.32
PGZ,92.32
DSV,92.33
SIEN,92.34
CAE,92.34
AME,92.36
ATI.H,92.36
AVG,92.36
TWR,92.36
E,92.37
HHH,92.37
WEB,92.38
ALS,92.4
CHP.UN,92.41
WIL,92.42
JES.P,92.42
NIR.H,92.42
AIM,92.46
HMM.A,92.46
ISC,92.5
KNOX,92.51
XIM,92.51
CFW,92.51
BCT,92.56
BRW,92.56
CFA.H,92.56
GEL,92.56
MCC,92.56
MDK.P,92.56
MLM,92.56
MRT.UN,92.56
NOA,92.56
ONEX,92.56
PDFI,92.56
PGIC,92.56
PIC.A,92.56
PMET,92.56
POW,92.56
QAI,92.56
NAM,92.61
TSD,92.61
CKG,92.61
ZEN,92.61
OMM,92.62
EBM,92.64
TELO,92.64
GDP,92.64
EOG,92.65
JTC,92.66
TSU,92.67
QGR,92.71
BDT,92.72
MTY,92.72
JUN.A,92.73
MUSH,92.73
ETF,92.75
IQ,92.75
MXG,92.76
ENW,92.77
OMI,92.77
THX,92.77
PAT,92.79
GRD,92.8
APX,92.81
GSS,92.81
CTZ,92.82
PSI,92.82
AAB,92.84
ALT,92.84
BWR,92.84
KDA,92.84
TCO,92.84
TGX,92.84
GLDN,92.89
JAEG.H,92.89
MEGO.P,92.89
ADK,92.91
BEI.UN,92.92
GEN,92.92
ALYA,92.93
KEON.H,92.94
APMI,92.98
EVOC.P,92.98
NAQ.P,92.98
PRNC,92.98
SEVA,92.98
SIS,93.0
MGM,93.01
CRWN,93.02
ELM,93.03
EAU,93.03
FTEC,93.04
MDX,93.05
NOBL,93.05
PLAN,93.06
SQG,93.07
RKR,93.08
AGF.B,93.1
LAM,93.1
GGC,93.11
RAMP,93.11
SNA,93.11
BMM,93.13
FCD.UN,93.13
PGE,93.15
PGX,93.15
CDB,93.17
WGF,93.18
NVT,93.19
AD.UN,93.2
KTO,93.21
RET.A,93.21
SAG,93.21
WRR,93.21
SASK,93.22
MOON,93.25
SALT,93.25
IRI,93.27
XXIX,93.27
OC,93.28
WEED,93.29
NCF,93.32
CTM,93.33
JUGR,93.33
IFA,93.34
APP,93.39
ARS,93.39
BRCB.P,93.39
DE,93.39
FFF,93.39
GPG,93.39
GRF,93.39
HASH,93.39
KETA,93.39
LTHM,93.39
MBL,93.39
NATN,93.39
ONYX,93.39
OTC,93.39
PML,93.39
RRCC.P,93.39
RUU,93.39
TMET,93.39
TRIP,93.39
VCT,93.39
X,93.39
YFI,93.39
DSG,93.43
ALA,93.44
POOL,93.44
CTN,93.44
BSK,93.46
OCG,93.46
RDU,93.48
REI.UN,93.48
YGT,93.49
BVA,93.49
BTU,93.52
GOLD,93.52
SOMA,93.52
RTM,93.53
MENE,93.54
MKR,93.54
OTEX,93.54
ROCK,93.54
WCP,93.54
FEO,93.55
TRV.P,93.55
IDL,93.58
LMS,93.6
MBO,93.61
RCI.B,93.61
FEX,93.62
MAI,93.62
BGF,93.62
GNG,93.64
WATR,93.64
CCM,93.65
BLGV,93.66
BNG,93.66
LOAN,93.66
METL,93.66
SPFY,93.66
WCN,93.66
VLN,93.68
CNO,93.71
RGC,93.72
ALV,93.74
TRP,93.75
BKMT,93.76
CVG,93.76
ICON,93.77
RUSH,93.77
SCLT,93.78
SFR,93.78
AVN,93.8
DOO,93.8
ECOM,93.8
EYE,93.8
AFCC.H,93.83
CIGI,93.86
MT,93.87
REG,93.87
TLG,93.87
DMGI,93.9
HWX,93.9
CRT.UN,93.91
FOOD,93.91
DM,93.92
III,93.94
TORC,93.94
DC.A,93.96
PXT,93.97
HPM,93.98
ID,94.01
SAT,94.01
SPOT,94.03
INEO,94.04
DRY,94.05
LIT,94.05
USS,94.06
BEM,94.08
INX,94.08
BLTC.P,94.1
BM,94.11
VIPR,94.12
TOT,94.14
QYOU,94.15
LORD,94.16
FMS,94.16
NBM,94.17
UNI,94.17
ACDC,94.21
AGC,94.21
BLU,94.21
COR,94.21
CRCL,94.21
CSOC.A,94.21
DIAM,94.21
MILI,94.21
OGW,94.21
PNGC,94.21
RUCC.P,94.21
SGR.UN,94.21
SLV,94.21
TNGD,94.21
TUNG,94.21
WISR,94.21
XRTX,94.21
ZOG.X,94.21
BKM,94.31
PX,94.32
BEX,94.33
JWEL,94.33
SMRV,94.33
XTM,94.35
WPM,94.37
CMC,94.37
TAJ,94.37
VEC.H,94.37
AUUA,94.38
COCO,94.38
EMPR,94.38
GUN,94.38
IVC.H,94.39
PRG,94.39
HELI,94.42
LEGY,94.42
ENRG,94.45
GRN,94.45
OMG,94.46
JOY,94.47
EDR,94.48
MAX,94.48
BAG,94.49
COS,94.49
CVGR,94.49
GFM.H,94.49
YMC,94.49
ZCC.H,94.51
NUG,94.52
SIQ.H,94.55
NTH,94.56
AEG,94.58
FNC,94.58
HSTR,94.58
WPK,94.58
GAU,94.58
FA,94.59
SRC,94.6
WEF,94.6
CERT,94.63
FNV,94.63
LTH,94.63
MIRA,94.63
MNRG,94.63
PPR,94.63
RAIN,94.63
ADN,94.65
VCV,94.65
UFC,94.67
INIK,94.69
EPL,94.7
SRU.UN,94.71
TBLL,94.71
BU,94.72
SRI,94.72
SMY,94.73
FMN,94.77
FUTR,94.77
PHRM,94.77
SGRO,94.77
VTI,94.77
XIGM,94.77
PEX,94.8
HAY,94.83
LET.H,94.83
USHA,94.83
CRD,94.85
HI,94.85
AXE,94.88
CUCU,94.88
FTS,94.88
SOLI.P,94.88
SYZ,94.89
TBK,94.9
USCU,94.93
YNV,94.93
GOT,94.94
XCAP.P,94.94
GCOM,94.94
MX,94.94
EAM,94.96
LQWD,94.97
DRT,94.98
FEC,94.99
MMG,94.99
SDR,94.99
DBG,95.0
NEXM,95.0
APM,95.04
BNE,95.04
CCO,95.04
CRUZ,95.04
DMED,95.04
DWTZ,95.04
FCR.UN,95.04
HIDE,95.04
KMP.UN,95.04
KUYA,95.04
MCCP.P,95.04
NSHS,95.04
SCAI,95.04
SCZ,95.04
STNG,95.04
TEMP,95.04
TIGR,95.04
TOI,95.04
VIK,95.04
WISE,95.04
IZN,95.09
TFII,95.09
AMY,95.09
ATH,95.11
NNX,95.11
CDR,95.12
BEW,95.13
LME,95.13
VKG,95.13
ADYA,95.14
SA.H,95.14
TTO.H,95.16
ROK,95.19
TNO.H,95.19
ARL,95.21
HRC.P,95.21
KIB,95.21
BBB,95.22
POU,95.22
LIO,95.23
BTT,95.24
AVCN,95.25
LSL,95.25
NVRS,95.25
PGC,95.25
REVV,95.25
WINS,95.27
MRG.UN,95.28
LITT,95.28
ANTL,95.29
PLY,95.3
ADP,95.32
BTE,95.32
CRC,95.32
M,95.32
RAIL,95.32
RLYG,95.32
SASQ,95.32
SRAN,95.32
CDPR,95.33
QZM,95.33
CSCI,95.35
NGMD,95.35
THRM,95.35
CHY.H,95.36
AAAJ.P,95.37
PNE,95.37
SEC,95.39
LUCA,95.4
AEC,95.41
TIE,95.41
VMS,95.41
TUD,95.42
SGU,95.42
CBG,95.45
CLDV,95.45
FOMO,95.45
MAZ.H,95.45
QSE,95.45
SERV,95.45
AGX,95.48
LVG,95.48
URB.A,95.51
CSX,95.52
BR,95.54
NTX,95.54
SLX.P,95.54
SNG,95.54
TWY.H,95.54
CAF,95.55
CN,95.55
DEAL,95.56
EQX,95.56
GMX,95.56
UGD,95.56
YARR,95.57
CQR,95.57
DAR,95.58
AYA,95.59
GLDS,95.59
NLR,95.59
REX,95.59
TEST.H,95.59
GZD,95.62
DHR.H,95.63
KLD,95.63
WISH,95.63
BLR.X,95.66
CCDS,95.66
MDP,95.66
V,95.66
RRI,95.67
ORIO,95.68
ABC,95.7
OGO,95.7
CCD,95.72
MRC,95.72
DND,95.73
EDY,95.73
CCMC,95.74
GPS,95.75
HPQ,95.76
SGO,95.76
CJT,95.77
BCU,95.78
GIII,95.78
FLNT,95.8
MAP,95.81
KLT.H,95.81
DCM,95.82
CD,95.82
JDN,95.82
SF,95.82
QST,95.82
ACM,95.87
AIF,95.87
AZEM,95.87
BOOM,95.87
CFE,95.87
CMP,95.87
CQX,95.87
EATH,95.87
ECCF.P,95.87
EIT.UN,95.87
ESXR,95.87
GCC,95.87
GOR,95.87
GREY,95.87
GRSL,95.87
HAMR,95.87
HLND,95.87
HYPE,95.87
MAXX,95.87
MCS,95.87
MERC,95.87
MOG,95.87
NURL,95.87
ONAU,95.87
ORCL,95.87
ORGN,95.87
QQ,95.87
RECE,95.87
SKUR,95.87
SRS,95.87
STK,95.87
SUU,95.87
SVB,95.87
TRG,95.87
TWEL,95.87
UTWO,95.87
VST,95.87
WG,95.87
ALY,95.92
GCN,95.92
NXG,95.92
EDDY,95.92
KNE,95.92
RMO,95.92
AEM,95.94
OTGO.H,95.94
FG,95.96
PDQ,95.96
JEV,95.98
IVQ.U,96.01
BIGT,96.01
NAR,96.01
CEI,96.03
GSTM,96.03
HO.P,96.03
LUG,96.03
AMC,96.05
GOK,96.07
STCQ,96.07
VC.X,96.07
WMC,96.07
AAG,96.1
BOS,96.11
NSE,96.12
ACDX,96.14
CANS,96.14
CRPC,96.14
GHL,96.14
NDAT,96.14
SILV,96.14
SLG,96.14
SXL,96.14
VFI.X,96.14
OOR,96.18
WML,96.18
AAUC,96.2
CUU,96.21
SES,96.21
RAK,96.25
FL,96.26
MCB,96.26
ATLA,96.28
CAMB,96.28
CUPA,96.28
ENCR,96.28
EVER,96.28
GASX,96.28
KAS,96.28
URL,96.28
WBG,96.28
LEAP,96.31
ADR.H,96.31
PTM,96.33
GLD,96.33
SVM,96.35
CEQ,96.36
MFA.P,96.36
SLT.U,96.36
CBA,96.37
AUCU,96.42
BATX,96.42
BGX,96.42
CURE.X,96.42
DIGI,96.42
GPO,96.42
METX,96.42
NUAG,96.42
OMGA,96.42
ROBO,96.42
SHOW,96.42
ZEUS,96.42
MKT,96.44
NBLC,96.45
AAA.P,96.49
AGH.H,96.49
CPH,96.49
GLO,96.49
ISP,96.49
MJEM.X,96.49
STMN,96.49
ZNX,96.49
GPUS,96.5
MERG,96.53
STND,96.53
OYL,96.55
RFX,96.56
COV,96.58
KALO,96.58
SAF.H,96.6
NRX,96.61
TRI,96.62
CZ.H,96.63
VDO.H,96.64
DAU,96.64
LRA,96.64
SSV,96.64
EDT,96.65
ACB,96.69
AEF,96.69
APXC,96.69
ASE,96.69
AURA,96.69
AVR,96.69
AWCM,96.69
BLLG,96.69
CANU,96.69
FOX,96.69
GGAU,96.69
GOGO,96.69
GWAY,96.69
IMR,96.69
INNO,96.69
KBRA,96.69
LUXR,96.69
LUXX,96.69
MMA,96.69
NEXU,96.69
PER,96.69
PINN,96.69
PLLR,96.69
QREE,96.69
ROVA,96.69
SAGA,96.69
SCMI,96.69
SLZ,96.69
TEX,96.69
ULTA,96.69
VMET,96.69
VNTA,96.69
VVTM,96.69
WDGY,96.69
WGT,96.69
ZIGY,96.69
FMM,96.74
PHD,96.75
HAM,96.81
TNR,96.81
ASCU,96.83
DGTL.H,96.83
ATZ,96.84
EVNI,96.86
REAL,96.86
MTL,96.89
AREE,96.9
SCR,96.9
VUL,96.9
DEX,96.93
BLAB,96.97
CXC,96.97
FNI,96.97
FORA,96.97
GDN,96.97
MANN,96.97
MMY,96.97
NSJ,96.97
SGC,96.97
UDOC,96.97
DG,96.99
HAR,97.01
ACU,97.02
IEI,97.02
DML,97.03
ABX,97.04
CHE.UN,97.06
OPHR,97.06
ARTG,97.11
ENBI.X,97.11
EONE,97.11
FFOX,97.11
GMR,97.11
OZ,97.11
QBTQ,97.11
TGC,97.11
TRU,97.11
VCG,97.11
XTC,97.11
HAWK,97.13
NAU,97.13
DLC,97.15
NEXT,97.15
ECU,97.19
MINK,97.19
RARE,97.19
BTCW,97.21
WN,97.21
ADE,97.25
BOLT,97.25
CLC,97.25
KOG,97.25
LABZ,97.25
LIVE,97.25
MNG,97.25
NBRK,97.25
NL,97.25
OGD,97.25
PGLD,97.25
PWR,97.25
RVV,97.25
STUD,97.27
ANK,97.28
PSLV.U,97.28
SPPP,97.28
VM,97.3
GFT,97.31
TARG,97.31
RAGE,97.33
NGC,97.33
GPH,97.34
LGD,97.34
TXP,97.37
BDGI,97.37
FTZ,97.38
IVN,97.39
OLV,97.41
AU,97.42
MIM,97.42
RUA,97.42
XPLR,97.42
BHS,97.42
LGO,97.42
NEXG,97.42
BMR,97.43
SIG,97.43
PJX,97.45
EDM,97.46
STW,97.46
BLDP,97.47
WRG,97.47
AFF,97.52
ALDE,97.52
ALEN.U,97.52
AMQ,97.52
AMX,97.52
ARGO,97.52
ARMY,97.52
AURM,97.52
BAD,97.52
BGLD,97.52
BPAI,97.52
CTA,97.52
DEMC,97.52
EPIC,97.52
FFU,97.52
FTEL,97.52
GEMG,97.52
GOAT,97.52
GXLD,97.52
H,97.52
HLU,97.52
HUNT,97.52
IDEX,97.52
ITR,97.52
KIRO,97.52
L,97.52
LECR,97.52
LFST,97.52
MEO,97.52
NICO,97.52
NRDX,97.52
NT,97.52
NTMC,97.52
NVLH,97.52
NVR,97.52
OPTI,97.52
PDO,97.52
PLNK,97.52
PSIL,97.52
PTX,97.52
PXI,97.52
RAMM,97.52
RDG,97.52
ROI,97.52
RVG,97.52
SMD,97.52
TAUR,97.52
TGII,97.52
TRR,97.52
USGD,97.52
AUQ,97.57
MTLO,97.57
SHL,97.61
RCK,97.62
XBOT,97.62
DNO,97.69
IMPT,97.69
WI,97.69
MCM.A,97.7
BRM,97.72
GLB,97.73
LION,97.73
NIOB,97.73
QESS,97.73
TNJ,97.73
CAND.H,97.76
IN,97.76
CGNT,97.78
EPO.H,97.78
AISX,97.8
AWR,97.8
BIOV,97.8
CCEC,97.8
FWZ,97.8
GGX,97.8
GVC,97.8
IAI,97.8
MDMA,97.8
MOLT,97.8
MOSS,97.8
PAU,97.8
RGLD,97.8
RI,97.8
RSH,97.8
TMAS,97.8
QRO,97.82
TORQ,97.82
VPT,97.82
EDG,97.82
PRN,97.82
AIDX,97.85
EPRX,97.85
WOLF,97.85
AUTO,97.87
LSTR,97.87
WLF,97.87
SWLF,97.88
SHLE,97.89
SGE,97.91
BPAG,97.93
CPER,97.93
FINX,97.93
FLT,97.93
GSVR,97.93
HART,97.93
HWY,97.93
IBAT,97.93
LMN,97.93
PLTO,97.93
RME,97.93
ROX,97.93
VQS,97.93
XLY,97.93
ZONE,97.93
GENM,97.99
SIA,97.99
BSX,98.01
FCLI,98.02
JSPX,98.02
AORO,98.05
LOD,98.05
ASHL,98.07
BY,98.07
BYRG,98.07
CVO,98.07
CYTO.H,98.07
ENRT,98.07
FHR,98.07
HDRO,98.07
HRK,98.07
NEWD,98.07
NSG,98.07
OVAT,98.07
PBM,98.07
SX,98.07
TELI,98.07
TI,98.07
WBGD,98.07
DMCU,98.09
GWM,98.09
LIF,98.09
NXS,98.09
DSY,98.1
ERKA,98.14
JG,98.14
KCLI,98.14
AEMC,98.15
EGM,98.15
FOXT,98.16
FROG,98.18
KDSX,98.18
SOO.P,98.18
XTRA,98.18
ARU,98.21
PBL,98.21
RE,98.21
TUK,98.21
AUAU,98.23
NURS,98.23
KLDC,98.25
EMN,98.26
ROMJ,98.26
UNO.H,98.28
OGN,98.3
ANDC,98.35
APPT,98.35
ARGL,98.35
AVE,98.35
BLST,98.35
BPC,98.35
BRS,98.35
CCCM,98.35
CISC,98.35
CSR,98.35
CSTR,98.35
CUAU,98.35
DRC,98.35
EOM,98.35
ESAU,98.35
FMAN,98.35
GHRT,98.35
GOH,98.35
GPAC,98.35
GURN,98.35
HG,98.35
HHE,98.35
HWG,98.35
ICGH,98.35
INTG,98.35
JIVA,98.35
KVM,98.35
LBNK,98.35
LCR,98.35
LITS,98.35
LUNR,98.35
MEDA,98.35
MEGA,98.35
MOLY,98.35
MSM,98.35
NEXX,98.35
PALI,98.35
PGA,98.35
PHOS,98.35
PNRG,98.35
PRIZ,98.35
PSK,98.35
PURR,98.35
QIMC,98.35
RM,98.35
ROAD,98.35
RZL,98.35
SCOT,98.35
SCU,98.35
SPIR,98.35
SUM,98.35
SURE,98.35
TCEC,98.35
TN,98.35
VRDN,98.35
VSBY,98.35
WGM,98.35
WMS,98.35
WSR,98.35
YAY,98.35
S,98.4
MSR,98.44
TRS,98.44
GSPR,98.45
OTMC,98.46
VER.H,98.47
FDR,98.48
MQM,98.48
ROOF,98.48
RPX,98.48
RJX.A,98.49
PNTR,98.5
ACX,98.54
CCA,98.54
CGO,98.54
BKTS,98.55
FIN,98.55
IPD,98.55
KDK,98.55
SBTC,98.55
BGD,98.58
GRG,98.58
NGEX,98.58
HPS.A,98.59
AIML,98.62
CPTR,98.62
EMO,98.62
FWM,98.62
GOCO,98.62
ISO,98.62
LOBE,98.62
OWLI,98.62
SAO,98.62
TANA,98.62
LWR,98.64
WVM,98.64
RV,98.66
CPS,98.66
TSK,98.68
GRID,98.7
KS,98.71
SKYG,98.74
CAM,98.76
CEXY,98.76
DATT,98.76
HANS,98.76
PWM,98.76
RESO,98.76
RUM,98.76
Z.H,98.76
NRM,98.84
AML,98.86
LMG,98.86
LFLR,98.9
MARY,98.9
MCI,98.9
MEAT,98.9
PAI,98.9
THNC,98.9
URAI,98.9
WRUN,98.9
WSK,98.9
BLDS,98.92
MON,98.92
ERD,98.94
CLIP,98.97
FRDM,98.97
MTTA,98.97
PBF,98.97
MUR,98.98
SSE,99.01
MTA,99.03
HMR,99.04
FDY,99.05
TECT,99.06
EGLX,99.07
LNF,99.1
NILI,99.1
NDM,99.12
AII,99.17
AUMB,99.17
AURR,99.17
BET,99.17
BNXT,99.17
BURY,99.17
CMET,99.17
CULT,99.17
DEFN,99.17
DST,99.17
FMR,99.17
GRUN,99.17
HC,99.17
LPK,99.17
MLKM,99.17
NEXE,99.17
NFG,99.17
NINE,99.17
NWI,99.17
PREV,99.17
PSE,99.17
SKEL,99.17
TFPM,99.17
TICO,99.17
UUU,99.17
VIZ,99.17
VZLA,99.17
WGO,99.17
XRI,99.17
BONE,99.24
TRAN,99.24
CELL,99.31
MDA,99.31
ATY,99.34
HEVI,99.34
PGDC,99.34
PHX,99.34
VCU,99.34
ANT,99.38
CACR,99.38
FTT,99.38
GLOW,99.38
SAGE,99.38
SKY,99.38
RX,99.43
ABND,99.45
AGET,99.45
AUOZ,99.45
CASC,99.45
CGII,99.45
CUPR,99.45
ETR,99.45
FAIR,99.45
FNAU,99.45
JBR,99.45
MUSL,99.45
SI,99.45
SOLR,99.45
STAR,99.45
SXTY,99.45
TGLD,99.45
TRAC,99.45
USLI,99.45
COO,99.5
ATMY,99.59
FUU,99.59
RRRL,99.59
SPRQ,99.59
WPR,99.59
CBR,99.62
PEMC,99.63
PINK,99.65
COPR,99.67
NCP,99.67
NICN,99.67
SDI,99.67
HOH,99.72
MY,99.72
REDC,99.72
SPC,99.72
GRBM,99.79
GRDM,99.79
BIGG,99.83
AGA,100.0
AIDR,100.0
AITT,100.0
ALMA,100.0
ARE,100.0
ARK,100.0
BLN,100.0
C,100.0
CYBT,100.0
DCBO,100.0
DTC,100.0
DTOL,100.0
ELEM,100.0
EPG,100.0
EPR,100.0
GC,100.0
GRL,100.0
GTCH,100.0
HERB,100.0
HML,100.0
HPSS,100.0
HYTN,100.0
HZ,100.0
IRV,100.0
IZO,100.0
KSM,100.0
LEEF,100.0
LGC,100.0
LUX,100.0
MEC,100.0
MML.H,100.0
NIC,100.0
NIX,100.0
NOM,100.0
NTAR,100.0
NVPC,100.0
OBUL,100.0
QBAT,100.0
QQQ,100.0
RKL,100.0
RSMX,100.0
RVLY,100.0
SICO,100.0
SKNY,100.0
STCU,100.0
SUR,100.0
WEST,100.0
